org.reflections.vfs.JarInputFile,33
org.reflections.vfs.ZipFile,64
org.reflections.vfs.ZipDir,97
org.reflections.vfs.JbossFile,97
org.reflections.vfs.JarInputDir,131
org.reflections.vfs.SystemDir,164
org.reflections.vfs.Vfs,198
org.reflections.vfs.SystemFile,229
org.reflections.vfs.JbossDir,229
org.reflections.vfs.UrlTypeVFS,264
org.reflections.util.QueryFunction,299
org.reflections.util.FilterBuilder,331
org.reflections.util.UtilQueryBuilder,359
org.reflections.util.JavassistHelper,359
org.reflections.util.ReflectionUtilsPredicates,393
org.reflections.util.NameHelper,423
org.reflections.util.ClasspathHelper,423
org.reflections.util.AnnotationMergeCollector,456
org.reflections.util.ConfigurationBuilder,498
org.reflections.util.QueryBuilder,529
org.reflections.ReflectionUtils,560
org.reflections.serializers.JavaCodeSerializer,598
org.reflections.serializers.JsonSerializer,629
org.reflections.serializers.XmlSerializer,629
org.reflections.serializers.Serializer,659
org.reflections.Store,695
org.reflections.ReflectionsException,729
org.reflections.scanners.MemberUsageScanner,729
org.reflections.scanners.MethodAnnotationsScanner,730
org.reflections.scanners.TypeAnnotationsScanner,730
org.reflections.scanners.Scanners,730
org.reflections.scanners.MethodParameterNamesScanner,730
org.reflections.scanners.TypeElementsScanner,730
org.reflections.scanners.MethodParameterScanner,731
org.reflections.scanners.FieldAnnotationsScanner,731
org.reflections.scanners.ResourcesScanner,731
org.reflections.scanners.SubTypesScanner,731
org.reflections.scanners.Scanner,732
org.reflections.scanners.AbstractScanner,732
org.reflections.Reflections,732
org.reflections.Configuration,762
