cn.byhieg.algorithmtutorial.GraphMatrix,32
cn.byhieg.algorithmtutorial.BinarySearchTree,63
cn.byhieg.algorithmtutorial.RedBlackTree,95
cn.byhieg.algorithmtutorial.Sort,126
cn.byhieg.algorithmtutorial.Find,157
cn.byhieg.algorithmtutorial.BinaryTree,189
cn.byhieg.algorithmtutorial.SingleLinkList,221
cn.byhieg.iotutorial.bytestreamio.BufferdOutputStreamExample,251
cn.byhieg.iotutorial.bytestreamio.ByteArrayOutPutStreamExample,282
cn.byhieg.iotutorial.bytestreamio.FileInputStreamExample,312
cn.byhieg.iotutorial.bytestreamio.ByteArrayInputStreamExample,344
cn.byhieg.iotutorial.bytestreamio.FileOutputStreamExample,374
cn.byhieg.iotutorial.bytestreamio.BufferdInputStreamExample,405
cn.byhieg.iotutorial.charsetstreamio.BufferedReaderExample,435
cn.byhieg.iotutorial.charsetstreamio.BufferedWriterExample,466
cn.byhieg.iotutorial.charsetstreamio.InputStreamReaderExample,496
cn.byhieg.iotutorial.charsetstreamio.FileWriterExample,527
cn.byhieg.iotutorial.charsetstreamio.FileReaderExample,558
cn.byhieg.iotutorial.charsetstreamio.OutputStreamWriterExample,588
cn.byhieg.bitoperatetutorial.BitOperate,621
cn.byhieg.threadtutorial.char01.SleepInterruptThread,652
cn.byhieg.threadtutorial.char01.ExampleCurrentThread,952
cn.byhieg.threadtutorial.char01.ExampleInterruptThread,983
cn.byhieg.threadtutorial.char01.AliveThread,1014
cn.byhieg.threadtutorial.char01.ExampleRunable,1045
cn.byhieg.threadtutorial.char01.ExamplePriorityThread,1076
cn.byhieg.threadtutorial.char01.ExampleDaemonThread,1107
cn.byhieg.threadtutorial.char01.ComplexCurrentThread,1137
cn.byhieg.threadtutorial.char01.ExampleYieldThread,1181
cn.byhieg.threadtutorial.char01.SynchronizedObject,1213
cn.byhieg.threadtutorial.char01.StopLockThread,1244
cn.byhieg.threadtutorial.char01.NotShareDataThread,1274
cn.byhieg.threadtutorial.char01.SleepThread,1323
cn.byhieg.threadtutorial.char01.ExampleThread,1354
cn.byhieg.threadtutorial.char01.ExampleIdThread,1385
cn.byhieg.threadtutorial.char01.ShareDataThread,1415
cn.byhieg.threadtutorial.char01.AliveOtherThread,1446
cn.byhieg.threadtutorial.char01.ExampleSuspendThread,1477
cn.byhieg.threadtutorial.char03.WaitHasParamThread,1508
cn.byhieg.threadtutorial.char03.CommonNotify,1539
cn.byhieg.threadtutorial.char03.Service,1588
cn.byhieg.threadtutorial.char03.JoinThread,1624
cn.byhieg.threadtutorial.char03.JoinThreadC,1654
cn.byhieg.threadtutorial.char03.JoinThreadA,1685
cn.byhieg.threadtutorial.char03.CommonWait,1716
cn.byhieg.threadtutorial.char03.AddThread,1747
cn.byhieg.threadtutorial.char03.ServiceThread,1778
cn.byhieg.threadtutorial.char03.JoinThreadB,1826
cn.byhieg.threadtutorial.char03.Add,1857
cn.byhieg.threadtutorial.char03.Subtract,1889
cn.byhieg.threadtutorial.char03.SubtractThread,1919
cn.byhieg.threadtutorial.char03.NotifyServiceThread,1971
cn.byhieg.threadtutorial.char03.WaitThread,2003
cn.byhieg.threadtutorial.char03.NotifyThread,2034
cn.byhieg.threadtutorial.char03.MyList,2065
cn.byhieg.threadtutorial.char03.SynService,2102
cn.byhieg.threadtutorial.char04.FairService,2134
cn.byhieg.threadtutorial.char04.ThreadB,2164
cn.byhieg.threadtutorial.char04.ReadReadService,2195
cn.byhieg.threadtutorial.char04.WriteWriteService,2513
cn.byhieg.threadtutorial.char04.HoldCountService,2545
cn.byhieg.threadtutorial.char04.ThreadA,2576
cn.byhieg.threadtutorial.char04.ConditionAllService,2609
cn.byhieg.threadtutorial.char04.WriteReadService,2639
cn.byhieg.threadtutorial.char04.ReadWriteService,2670
cn.byhieg.threadtutorial.char04.ConditionWaitNotifyService,2702
cn.byhieg.threadtutorial.char04.MyConditionService,2733
cn.byhieg.threadtutorial.char04.MyConditionMoreService,2783
cn.byhieg.threadtutorial.char05.more2one.Producer,2815
cn.byhieg.threadtutorial.char05.more2one.Customer,2845
cn.byhieg.threadtutorial.char05.more2one.MyQueue,2876
cn.byhieg.threadtutorial.char05.more2more.value.ValueObject,2907
cn.byhieg.threadtutorial.char05.more2more.value.Producer,2937
cn.byhieg.threadtutorial.char05.more2more.value.Customer,2968
cn.byhieg.threadtutorial.char05.more2more.list.Producer,2999
cn.byhieg.threadtutorial.char05.more2more.list.Customer,3029
cn.byhieg.threadtutorial.char05.more2more.list.MyQueue,3060
cn.byhieg.threadtutorial.char05.one2more.Producer,3091
cn.byhieg.threadtutorial.char05.one2more.Customer,3121
cn.byhieg.threadtutorial.char05.one2more.MyQueue,3152
cn.byhieg.threadtutorial.char05.one2one.value.ValueObject,3183
cn.byhieg.threadtutorial.char05.one2one.value.Producer,3214
cn.byhieg.threadtutorial.char05.one2one.value.Customer,3244
cn.byhieg.threadtutorial.char05.one2one.list.Producer,3275
cn.byhieg.threadtutorial.char05.one2one.list.Customer,3305
cn.byhieg.threadtutorial.char05.one2one.list.MyQueue,3337
cn.byhieg.threadtutorial.char02.DoubleSynThreadB,3367
cn.byhieg.threadtutorial.char02.SynchronizedMethodThread,3398
cn.byhieg.threadtutorial.char02.SelfPrivateThreadA,3428
cn.byhieg.threadtutorial.char02.HalfTaskThread,3459
cn.byhieg.threadtutorial.char02.ListThread,3489
cn.byhieg.threadtutorial.char02.SonSynService,3534
cn.byhieg.threadtutorial.char02.HalfSynTask,3564
cn.byhieg.threadtutorial.char02.SynVolaThreadA,3595
cn.byhieg.threadtutorial.char02.PrintString,3627
cn.byhieg.threadtutorial.char02.DoubleSynThreadA,3658
cn.byhieg.threadtutorial.char02.SelfPrivateThreadB,3688
cn.byhieg.threadtutorial.char02.ExceptionService,3720
cn.byhieg.threadtutorial.char02.PublicVarThreadA,3750
cn.byhieg.threadtutorial.char02.RunService,3782
cn.byhieg.threadtutorial.char02.RunThread,3814
cn.byhieg.threadtutorial.char02.MyOneList,3846
cn.byhieg.threadtutorial.char02.VolatileThread,3877
cn.byhieg.threadtutorial.char02.SynVolaThreadB,3907
cn.byhieg.threadtutorial.char02.ObjectService,3954
cn.byhieg.threadtutorial.char02.SynchronizedServiceThread,3985
cn.byhieg.threadtutorial.char02.LongTimeServiceThreadA,4016
cn.byhieg.threadtutorial.char02.MyOneListService,4046
cn.byhieg.threadtutorial.char02.LongTimeTask,4109
cn.byhieg.threadtutorial.char02.CommonUtils,4140
cn.byhieg.threadtutorial.char02.StaticService,4173
cn.byhieg.threadtutorial.char02.SynBlockThreadA,4204
cn.byhieg.threadtutorial.char02.SynchronizedService,4235
cn.byhieg.threadtutorial.char02.LongTimeServiceThreadB,4266
cn.byhieg.threadtutorial.char02.SynBlockService,4327
cn.byhieg.threadtutorial.char02.FatherSynService,4371
cn.byhieg.threadtutorial.char02.DeadLock,4403
cn.byhieg.threadtutorial.char02.MyObject,4433
cn.byhieg.threadtutorial.char02.OutClass,4477
cn.byhieg.threadtutorial.char02.SonSynTread,4507
cn.byhieg.threadtutorial.char02.SynBlockThreadB,4538
cn.byhieg.threadtutorial.char02.HasSelfPrivateNum,4570
cn.byhieg.threadtutorial.char02.PublicVar,4619
cn.byhieg.threadtutorial.concurrent.blocking.Producer,4650
cn.byhieg.threadtutorial.concurrent.blocking.Costumer,4680
cn.byhieg.threadtutorial.concurrent.blocking.ArrayBlock,4715
cn.byhieg.threadtutorial.concurrent.atom.MyObject,4749
cn.byhieg.threadtutorial.concurrent.atom.AtomFactory,4780
cn.byhieg.collectiontutorial.maptutorial.LinkedHashMapExample,4811
cn.byhieg.collectiontutorial.maptutorial.HashMapExample,4842
cn.byhieg.collectiontutorial.maptutorial.TreeMapExample,4873
cn.byhieg.collectiontutorial.listtutorial.SimpleArrayList,4908
cn.byhieg.collectiontutorial.listtutorial.LinkedListDemo,4952
cn.byhieg.collectiontutorial.listtutorial.ArrayListDemo,4984
cn.byhieg.collectiontutorial.listtutorial.SimpleLinkedList,6049
cn.byhieg.designpatterntutorial.proxy.dynamicproxy.RealSubject,6080
cn.byhieg.designpatterntutorial.proxy.dynamicproxy.DynamicProxy,6113
cn.byhieg.designpatterntutorial.proxy.dynamicproxy.Subject,6143
cn.byhieg.designpatterntutorial.proxy.dynamicproxy.Client,6174
cn.byhieg.designpatterntutorial.proxy.staticproxy.RealSubject,6205
cn.byhieg.designpatterntutorial.proxy.staticproxy.ProxySubject,6236
cn.byhieg.designpatterntutorial.proxy.staticproxy.Subject,6266
cn.byhieg.designpatterntutorial.proxy.staticproxy.Client,6297
cn.byhieg.designpatterntutorial.singleton.StaticSingleton,6327
cn.byhieg.designpatterntutorial.singleton.DCLSingleton,6358
cn.byhieg.designpatterntutorial.singleton.EnumSingleton,6389
cn.byhieg.designpatterntutorial.singleton.HungrySingleton,6419
cn.byhieg.designpatterntutorial.singleton.SimpleSingleton,6450
cn.byhieg.designpatterntutorial.builder.Person,6483
cn.byhieg.designpatterntutorial.builder.SimpleDialog,6515
cn.byhieg.designpatterntutorial.builder.SimpleDialogController,6548
cn.byhieg.reflectiontutorial.ExampleObject,6579
cn.byhieg.reflectiontutorial.AnnotationObject,6612
cn.byhieg.reflectiontutorial.FatherObject,6643
cn.byhieg.reflectiontutorial.MyAnnotation,6675
cn.byhieg.reflectiontutorial.GenericObject,6709
cn.byhieg.reflectiontutorial.ArrayObject,6742
cn.byhieg.reflectiontutorial.MyList,6774
cn.byhieg.annotationstutorial.User,6811
cn.byhieg.annotationstutorial.AConstructorProcess,6843
cn.byhieg.annotationstutorial.AConstructor,6874
cn.byhieg.annotationstutorial.AMethodProcess,6905
cn.byhieg.annotationstutorial.AMethod,6936
cn.byhieg.annotationstutorial.APTProcessor,6969
cn.byhieg.annotationstutorial.APTAnnotation,7000
