com.javaguides.javaio.WriteFileExamples,33
com.javaguides.javaio.fileoperations.fileexamples.CreateFileExample,65
com.javaguides.javaio.fileoperations.fileexamples.AppendFileExample,98
com.javaguides.javaio.fileoperations.fileexamples.MoveFileExample,129
com.javaguides.javaio.fileoperations.fileexamples.TwoFilesEqualExample,160
com.javaguides.javaio.fileoperations.fileexamples.CopyFileExample,192
com.javaguides.javaio.fileoperations.fileexamples.WriteFileExample,224
com.javaguides.javaio.fileoperations.fileexamples.GetFileExtensionExample,254
com.javaguides.javaio.fileoperations.fileexamples.RenameFileExample,288
com.javaguides.javaio.fileoperations.fileexamples.DeleteFileExample,319
com.javaguides.javaio.oracle.CopyBytes,350
com.javaguides.javaio.oracle.ObjectStreams,380
com.javaguides.javaio.oracle.DataStreams,412
com.javaguides.javaio.oracle.CopyCharacters,442
com.javaguides.javaio.zipexamples.CompressZipFile,473
com.javaguides.javaio.zipexamples.CompressMultipleFilesToZip,507
com.javaguides.javaio.zipexamples.DecompressZipExample,543
com.javaguides.javaio.ReadFileExamples,577
com.javaguides.javaio.FileOperations,619
com.javaguides.javaio.ioexamples.BufferedReaderExample,651
com.javaguides.javaio.ioexamples.DataInputStreamExample,683
com.javaguides.javaio.ioexamples.BufferedOutputStreamExample,715
com.javaguides.javaio.ioexamples.BufferedWriterExample,747
com.javaguides.javaio.ioexamples.DataOutputStreamExample,780
com.javaguides.javaio.ioexamples.BufferedInputStreamExample,812
com.javaguides.javaio.ioexamples.FileUtility,843
com.javaguides.javaio.ioexamples.FileWritterExample,879
com.javaguides.javaio.ioexamples.Employee,912
com.javaguides.javaio.ioexamples.FileInputStreamExample,944
com.javaguides.javaio.ioexamples.ObjectInputStreamExample,975
com.javaguides.javaio.ioexamples.FileOutputStreamExample,1007
