org.java_websocket.WebSocketAdapter,30
org.java_websocket.AbstractWebSocket,61
org.java_websocket.util.Charsetfunctions,102
org.java_websocket.util.ByteBufferUtils,144
org.java_websocket.util.Base64,178
org.java_websocket.util.NamedThreadFactory,300
org.java_websocket.WebSocketServerFactory,331
org.java_websocket.WebSocketFactory,361
org.java_websocket.WrappedByteChannel,392
org.java_websocket.drafts.Draft,422
org.java_websocket.drafts.Draft_6455,457
org.java_websocket.handshake.HandshakeBuilder,487
org.java_websocket.handshake.ClientHandshake,518
org.java_websocket.handshake.ServerHandshakeBuilder,548
org.java_websocket.handshake.HandshakedataImpl1,581
org.java_websocket.handshake.HandshakeImpl1Client,615
org.java_websocket.handshake.Handshakedata,645
org.java_websocket.handshake.HandshakeImpl1Server,678
org.java_websocket.handshake.ServerHandshake,708
org.java_websocket.handshake.ClientHandshakeBuilder,739
org.java_websocket.SocketChannelIOHelper,769
org.java_websocket.enums.CloseHandshakeType,787
org.java_websocket.enums.Role,807
org.java_websocket.enums.Opcode,827
org.java_websocket.enums.HandshakeState,846
org.java_websocket.enums.ReadyState,865
org.java_websocket.server.CustomSSLWebSocketServerFactory,898
org.java_websocket.server.DefaultSSLWebSocketServerFactory,929
org.java_websocket.server.WebSocketServer,960
org.java_websocket.server.DefaultWebSocketServerFactory,994
org.java_websocket.server.SSLParametersWebSocketServerFactory,1024
org.java_websocket.exceptions.InvalidDataException,1057
org.java_websocket.exceptions.WrappedIOException,1093
org.java_websocket.exceptions.IncompleteHandshakeException,1127
org.java_websocket.exceptions.IncompleteException,1162
org.java_websocket.exceptions.NotSendableException,1196
org.java_websocket.exceptions.InvalidHandshakeException,1229
org.java_websocket.exceptions.InvalidFrameException,1263
org.java_websocket.exceptions.LimitExceededException,1295
org.java_websocket.exceptions.InvalidEncodingException,1326
org.java_websocket.exceptions.WebsocketNotConnectedException,1360
org.java_websocket.extensions.permessage_deflate.PerMessageDeflateExtension,1395
org.java_websocket.extensions.CompressionExtension,1425
org.java_websocket.extensions.ExtensionRequestData,1459
org.java_websocket.extensions.DefaultExtension,1492
org.java_websocket.extensions.IExtension,1522
org.java_websocket.SSLSocketChannel2,1553
org.java_websocket.WebSocket,1583
org.java_websocket.WebSocketListener,1613
org.java_websocket.SSLSocketChannel,1644
org.java_websocket.framing.Framedata,1674
org.java_websocket.framing.PongFrame,1711
org.java_websocket.framing.FramedataImpl1,1742
org.java_websocket.framing.PingFrame,1775
org.java_websocket.framing.TextFrame,1808
org.java_websocket.framing.ContinuousFrame,1841
org.java_websocket.framing.BinaryFrame,1875
org.java_websocket.framing.ControlFrame,1905
org.java_websocket.framing.DataFrame,1936
org.java_websocket.framing.CloseFrame,1969
org.java_websocket.client.WebSocketClient,1999
org.java_websocket.client.DnsResolver,2030
org.java_websocket.protocols.Protocol,2063
org.java_websocket.protocols.IProtocol,2094
org.java_websocket.AbstractWrappedByteChannel,2126
org.java_websocket.WebSocketImpl,2156
org.java_websocket.interfaces.ISSLChannel,2187
